,MPP (W),VMP (V),IMP (A)
0,26.499097601083392,0.6600000000000004 V,40.15014788042936 A
1,17.26317531928854,0.6500000000000004 V,26.558731260443892 A
2,23.224985432085273,0.6500000000000004 V,35.730746818592706 A
3,32.01237272079934,0.6600000000000004 V,48.50359503151412 A
4,26.00990157354941,0.6600000000000004 V,39.408941778105145 A
5,41.44542244417002,0.6700000000000004 V,61.858839468910446 A
6,14.099987601840411,0.6400000000000003 V,22.03123062787563 A
7,20.510704400717042,0.6500000000000004 V,31.55492984725697 A
8,13.541334125258734,0.6400000000000003 V,21.15833457071676 A
9,22.043148919691713,0.6500000000000004 V,33.9125367995257 A
10,22.86310455083391,0.6500000000000004 V,35.17400700128292 A
11,8.46270188391883,0.6300000000000003 V,13.432860133204485 A
12,5.511741163013215,0.6200000000000003 V,8.889905101634213 A
13,33.19654211930032,0.6600000000000004 V,50.29779108984894 A
14,32.299468151691634,0.6600000000000004 V,48.93858810862366 A
15,15.617889384984673,0.6500000000000004 V,24.027522130745638 A
16,29.306072273946683,0.6600000000000004 V,44.4031398090101 A
17,7.547780056775468,0.6300000000000003 V,11.980603264722959 A
18,14.43409115161864,0.6400000000000003 V,22.553267424404112 A
19,28.21102754199797,0.6600000000000004 V,42.743981124239326 A
20,19.619746264262595,0.6500000000000004 V,30.18422502194244 A
21,9.404603909865841,0.6400000000000003 V,14.69469360916537 A
22,29.944620381003094,0.6600000000000004 V,45.370636940913755 A
23,14.164029542633806,0.6400000000000003 V,22.13129616036531 A
24,35.98387401766153,0.6600000000000004 V,54.521021238881076 A
25,21.756314591882177,0.6500000000000004 V,33.47125321828025 A
26,17.208359825360876,0.6500000000000004 V,26.47439973132441 A
27,18.243403379683205,0.6500000000000004 V,28.06677443028184 A
28,13.854874125478098,0.6400000000000003 V,21.648240821059517 A
29,18.969216727691276,0.6500000000000004 V,29.183410350294253 A
30,22.471713001150796,0.6500000000000004 V,34.57186615561659 A
31,31.926640276079706,0.6600000000000004 V,48.37369738799953 A
32,15.812977451087917,0.6500000000000004 V,24.32765761705832 A
33,37.62723525845688,0.6600000000000004 V,57.01096251281342 A
34,18.541069032022016,0.6500000000000004 V,28.524721587726162 A
35,23.84415568118485,0.6600000000000004 V,36.127508607855816 A
36,27.27455770676304,0.6600000000000004 V,41.32508743448943 A
37,24.04513084128173,0.6600000000000004 V,36.43201642618442 A
38,29.963394348317923,0.6600000000000004 V,45.39908234593622 A
39,11.21661651483039,0.6400000000000003 V,17.525963304422476 A
40,22.189252764928064,0.6500000000000004 V,34.137311946043155 A
41,12.16380353694666,0.6400000000000003 V,19.005943026479144 A
42,17.004755675661965,0.6500000000000004 V,26.161162577941468 A
43,10.181626604844356,0.6400000000000003 V,15.908791570069297 A
44,23.750073151439313,0.6600000000000004 V,35.98495932036258 A
45,20.61681666069404,0.6500000000000004 V,31.718179477990816 A
46,7.873699269738676,0.6300000000000003 V,12.497935348791543 A
47,26.670827840560374,0.6600000000000004 V,40.41034521297024 A
48,28.625920555197204,0.6600000000000004 V,43.372606901813924 A
49,6.4800954709651375,0.6300000000000003 V,10.285865826928784 A
50,7.544523354002226,0.6300000000000003 V,11.975433895241622 A
51,1.9320470518523518,0.6000000000000003 V,3.220078419753918 A
52,43.360586687410276,0.6700000000000004 V,64.71729356329888 A
53,32.826956856369144,0.6600000000000004 V,49.7378134187411 A
54,11.09184613884078,0.6400000000000003 V,17.33100959193871 A
55,15.92636438932137,0.6500000000000004 V,24.502099060494402 A
56,6.058512304034106,0.6300000000000003 V,9.616686196879527 A
57,16.271473166944098,0.6500000000000004 V,25.033035641452443 A
58,25.293484401744514,0.6600000000000004 V,38.32346121476439 A
59,6.680447235334799,0.6300000000000003 V,10.603884500531422 A
60,2.1355088213387727,0.6000000000000003 V,3.559181368897953 A
61,5.395026087915815,0.6200000000000003 V,8.701654980509375 A
62,13.704605889198145,0.6400000000000003 V,21.41344670187209 A
63,40.89385241693437,0.6700000000000004 V,61.035600622290076 A
64,42.92942414850873,0.6700000000000004 V,64.07376738583389 A
65,18.95673527310024,0.6500000000000004 V,29.164208112461893 A
66,24.35609305005695,0.6600000000000004 V,36.90317128796505 A
67,26.44693435948849,0.6600000000000004 V,40.07111266589163 A
68,36.50961108841201,0.6600000000000004 V,55.317592558199976 A
69,47.81683300724148,0.6700000000000004 V,71.3684074734947 A
70,25.498618542252476,0.6600000000000004 V,38.634270518564335 A
71,9.350510492917389,0.6400000000000003 V,14.610172645183411 A
72,30.282774443660017,0.6600000000000004 V,45.88299158130303 A
73,39.597406050745946,0.6700000000000004 V,59.100606045889435 A
74,4.280663748698173,0.6200000000000003 V,6.9042963688680175 A
75,18.117183934559545,0.6500000000000004 V,27.87259066855313 A
76,24.84087174414382,0.6600000000000004 V,37.63768446082395 A
77,28.594586287001746,0.6600000000000004 V,43.32513073788141 A
78,9.755837165820418,0.6400000000000003 V,15.243495571594394 A
79,20.594933501987146,0.6500000000000004 V,31.684513079980206 A
80,31.351142224193918,0.6600000000000004 V,47.50173064271803 A
81,7.434195903295025,0.6300000000000003 V,11.800310957611146 A
82,30.63769202026884,0.6600000000000004 V,46.42074548525579 A
83,14.957164847294015,0.6500000000000004 V,23.01102284199078 A
84,14.63884632493865,0.6500000000000004 V,22.52130203836714 A
85,7.433992168530307,0.6300000000000003 V,11.79998756909572 A
86,19.050347601933538,0.6500000000000004 V,29.308227079897733 A
87,30.705970031139586,0.6600000000000004 V,46.524197016878134 A
88,20.741610992060544,0.6500000000000004 V,31.910170757016203 A
89,11.959912384484202,0.6400000000000003 V,18.687363100756556 A
90,5.416158037920125,0.6200000000000003 V,8.735738770838907 A
91,6.495899536935261,0.6300000000000003 V,10.31095164592898 A
92,29.637264487878763,0.6600000000000004 V,44.90494619375568 A
93,22.97949902484453,0.6500000000000004 V,35.35307542283772 A
94,18.909314882264983,0.6500000000000004 V,29.091253665023032 A
95,16.48269119094094,0.6500000000000004 V,25.357986447601434 A
96,15.782554448511572,0.6500000000000004 V,24.2808529977101 A
97,18.33991275048603,0.6500000000000004 V,28.215250385363106 A
98,44.89812815686012,0.6700000000000004 V,67.01213157740312 A
99,10.846622902627574,0.6400000000000003 V,16.947848285355576 A
